{
    "x": [
        110.0,
        110.0,
        130.0,
        130.0,
        130.0,
        100.0,
        100.0,
        100.0,
        116.66666666666667,
        116.66666666666666,
        116.66666666666666,
        100.0
    ],
    "cost": 1308.3333333333333
}