{
    "buy": [
        [
            0.0,
            0.0,
            0.0,
            0.0,
            0.0
        ],
        [
            0.0,
            0.0,
            0.0,
            250.0,
            0.0
        ],
        [
            0.0,
            0.0,
            0.0,
            0.0,
            500.0
        ],
        [
            0.0,
            0.0,
            0.0,
            0.0,
            0.0
        ],
        [
            0.0,
            0.0,
            0.0,
            0.0,
            0.0
        ],
        [
            659.2592592592592,
            540.7407407407408,
            0.0,
            750.0,
            0.0
        ]
    ],
    "refine": [
        [
            159.2592592592592,
            40.74074074074079,
            0.0,
            250.0,
            0.0
        ],
        [
            96.29629629629636,
            103.70370370370364,
            0.0,
            250.0,
            0.0
        ],
        [
            85.18518518518518,
            114.81481481481482,
            0.0,
            0.0,
            250.0
        ],
        [
            0.0,
            200.0,
            0.0,
            0.0,
            250.0
        ],
        [
            159.2592592592592,
            40.74074074074079,
            0.0,
            250.0,
            0.0
        ],
        [
            159.2592592592592,
            40.74074074074079,
            0.0,
            250.0,
            0.0
        ]
    ],
    "storage": [
        [
            500.0,
            500.0,
            500.0,
            500.0,
            500.0
        ],
        [
            340.74074074074076,
            459.25925925925924,
            500.0,
            250.0,
            500.0
        ],
        [
            244.4444444444444,
            355.5555555555556,
            500.0,
            250.0,
            500.0
        ],
        [
            159.2592592592592,
            240.74074074074076,
            500.0,
            250.0,
            750.0
        ],
        [
            159.2592592592592,
            40.74074074074076,
            500.0,
            250.0,
            500.0
        ],
        [
            0.0,
            0.0,
            500.0,
            0.0,
            500.0
        ],
        [
            500.0,
            500.0,
            500.0,
            500.0,
            500.0
        ]
    ]
}