{
  "sell": [42.99827288428325, 0.0, 80.0],
  "expectedValue": 10305.112262521588
}
