{
  "coal_cap_added": [
    0.0, 1.0, 7.800000000000001, 0.0, 0.0, 0.0, 0.0, 15.0, 4.0,
    2.3999999999999995, 0.0, 1.6000000000000005
  ],
  "nuke_cap_added": [
    0.0, 0.0, 0.0, 1.1999999999999997, 0.0, 2.0, 0.0, 1.8000000000000003, 1.0,
    0.6000000000000005, 0.0, 0.39999999999999947
  ],
  "total_cost": 353.0
}
