{
    "intercept": 0.58125,
    "slope": 0.6375000000000001
}