{
  "x": [
    0.0, 0.0, 0.01111111111111111, 0.033333333333333326, 0.06666666666666665,
    0.11111111111111109, 0.16666666666666663, 0.23333333333333328,
    0.31111111111111106, 0.39999999999999997, 0.5, 0.6, 0.6888888888888889,
    0.7666666666666667, 0.8333333333333334, 0.888888888888889,
    0.9333333333333333, 0.9666666666666667, 0.9888888888888889, 1.0
  ],
  "v": [
    0.0, 0.01111111111111111, 0.02222222222222222, 0.033333333333333326,
    0.04444444444444444, 0.05555555555555555, 0.06666666666666667,
    0.07777777777777778, 0.08888888888888889, 0.1, 0.10000000000000005,
    0.08888888888888893, 0.07777777777777779, 0.06666666666666665,
    0.05555555555555555, 0.04444444444444444, 0.033333333333333326,
    0.02222222222222222, 0.01111111111111111, 0.0
  ],
  "a": [
    0.01111111111111111, 0.01111111111111111, 0.01111111111111111,
    0.01111111111111111, 0.01111111111111111, 0.01111111111111111,
    0.01111111111111111, 0.01111111111111111, 0.01111111111111111, 0.0,
    -0.01111111111111111, -0.01111111111111111, -0.01111111111111111,
    -0.01111111111111111, -0.01111111111111111, -0.01111111111111111,
    -0.01111111111111111, -0.01111111111111111, -0.01111111111111111
  ],
  "fuel_spend": 0.19999999999999993
}
