{
  "power": [17.77777777777778, 17.037037037037038],
  "error": 7.370370370370372
}
