{
	"isoperated": [
		[1, 0, 1, 0, 1], 
		[0, 1, 0, 1, 1], 
		[1, 1, 1, 1, 1], 
		[1, 1, 0, 1, 0]
], 
	"amount": [
		[2000000.0, 0.0, 1950000.0000000007, 0.0, 2000000.0], 
		[0.0, 2500000.0, 0.0, 2500000.0, 2166666.6666666665], 
		[1300000.0, 1300000.0, 1300000.0, 55555.55555555555, 1300000.0], 
		[2450000.0, 2199999.999999999, 0.0, 3000000.0, 0.0]]
}