{
    "x": [
        0.0,
        0.0,
        0.05555555555555555,
        0.11111111111111116,
        0.1666666666666667,
        0.2222222222222222,
        0.2777777777777778,
        0.3333333333333333,
        0.38888888888888884,
        0.4444444444444444,
        0.49999999999999994,
        0.5555555555555556,
        0.6111111111111112,
        0.6666666666666666,
        0.7222222222222222,
        0.7777777777777778,
        0.8333333333333334,
        0.888888888888889,
        0.9444444444444444,
        1.0
    ],
    "v": [
        0.0,
        0.05555555555555555,
        0.05555555555555555,
        0.05555555555555555,
        0.05555555555555555,
        0.05555555555555556,
        0.05555555555555555,
        0.05555555555555556,
        0.05555555555555556,
        0.05555555555555556,
        0.05555555555555555,
        0.05555555555555555,
        0.055555555555555546,
        0.05555555555555556,
        0.05555555555555556,
        0.05555555555555555,
        0.055555555555555546,
        0.055555555555555525,
        0.05555555555555558,
        0.0
    ],
    "a": [
        0.05555555555555555,
        0.0,
        0.0,
        0.0,
        0.0,
        0.0,
        0.0,
        0.0,
        0.0,
        0.0,
        0.0,
        0.0,
        0.0,
        0.0,
        0.0,
        0.0,
        0.0,
        0.0,
        -0.05555555555555558,
        0
    ],
    "fuel_spend": 0.11111111111111113
}